{
  "00000_frame000000_cam000": {
    "scale": 0.07870274128527614,
    "offset": 0.0036174927766961466
  },
  "00001_frame000000_cam001": {
    "scale": 0.06950906984295549,
    "offset": 0.0036326050924013076
  },
  "00002_frame000000_cam002": {
    "scale": 0,
    "offset": 0
  },
  "00003_frame000000_cam003": {
    "scale": 0,
    "offset": 0
  },
  "00004_frame000000_cam004": {
    "scale": 0,
    "offset": 0
  },
  "00005_frame000000_cam005": {
    "scale": 0.08946532586327356,
    "offset": 0.003915278110554001
  },
  "00006_frame000000_cam006": {
    "scale": 0.09480951949495657,
    "offset": 0.003896567480379103
  },
  "00007_frame000000_cam007": {
    "scale": 0.09038540814607954,
    "offset": 0.003734150263905849
  }
}